review,sentiment
The movie was absolutely fantastic! The storyline was gripping and the acting was superb.,positive
I didn't enjoy the movie at all. The plot was weak and the acting felt forced.,negative
"It was an average movie. Some parts were great, but others were just okay.",neutral
One of the best movies I've seen this year! Highly recommended.,positive
Not my cup of tea. The pacing was too slow and I lost interest halfway.,negative
"The film had a decent plot, but nothing extraordinary. It was just okay.",neutral
Amazing visuals and great acting! Definitely a must-watch.,positive
The dialogues were poorly written and the direction was lacking.,negative
"A fairly decent film with a few memorable moments, but nothing too special.",neutral
I loved every moment of the film! The cinematography was breathtaking.,positive
The movie was absolutely fantastic! The storyline was gripping and the acting was superb.,positive
I didn't enjoy the movie at all. The plot was weak and the acting felt forced.,negative
"It was an average movie. Some parts were great, but others were just okay.",neutral
One of the best movies I've seen this year! Highly recommended.,positive
Not my cup of tea. The pacing was too slow and I lost interest halfway.,negative
"The film had a decent plot, but nothing extraordinary. It was just okay.",neutral
Amazing visuals and great acting! Definitely a must-watch.,positive
The dialogues were poorly written and the direction was lacking.,negative
"A fairly decent film with a few memorable moments, but nothing too special.",neutral
I loved every moment of the film! The cinematography was breathtaking.,positive
The movie was absolutely fantastic! The storyline was gripping and the acting was superb.,positive
I didn't enjoy the movie at all. The plot was weak and the acting felt forced.,negative
"It was an average movie. Some parts were great, but others were just okay.",neutral
One of the best movies I've seen this year! Highly recommended.,positive
Not my cup of tea. The pacing was too slow and I lost interest halfway.,negative
"The film had a decent plot, but nothing extraordinary. It was just okay.",neutral
Amazing visuals and great acting! Definitely a must-watch.,positive
The dialogues were poorly written and the direction was lacking.,negative
"A fairly decent film with a few memorable moments, but nothing too special.",neutral
I loved every moment of the film! The cinematography was breathtaking.,positive
The movie was absolutely fantastic! The storyline was gripping and the acting was superb.,positive
I didn't enjoy the movie at all. The plot was weak and the acting felt forced.,negative
"It was an average movie. Some parts were great, but others were just okay.",neutral
One of the best movies I've seen this year! Highly recommended.,positive
Not my cup of tea. The pacing was too slow and I lost interest halfway.,negative
"The film had a decent plot, but nothing extraordinary. It was just okay.",neutral
Amazing visuals and great acting! Definitely a must-watch.,positive
The dialogues were poorly written and the direction was lacking.,negative
"A fairly decent film with a few memorable moments, but nothing too special.",neutral
I loved every moment of the film! The cinematography was breathtaking.,positive
The movie was absolutely fantastic! The storyline was gripping and the acting was superb.,positive
I didn't enjoy the movie at all. The plot was weak and the acting felt forced.,negative
"It was an average movie. Some parts were great, but others were just okay.",neutral
One of the best movies I've seen this year! Highly recommended.,positive
Not my cup of tea. The pacing was too slow and I lost interest halfway.,negative
"The film had a decent plot, but nothing extraordinary. It was just okay.",neutral
Amazing visuals and great acting! Definitely a must-watch.,positive
The dialogues were poorly written and the direction was lacking.,negative
"A fairly decent film with a few memorable moments, but nothing too special.",neutral
I loved every moment of the film! The cinematography was breathtaking.,positive
The movie was absolutely fantastic! The storyline was gripping and the acting was superb.,positive
I didn't enjoy the movie at all. The plot was weak and the acting felt forced.,negative
"It was an average movie. Some parts were great, but others were just okay.",neutral
One of the best movies I've seen this year! Highly recommended.,positive
Not my cup of tea. The pacing was too slow and I lost interest halfway.,negative
"The film had a decent plot, but nothing extraordinary. It was just okay.",neutral
Amazing visuals and great acting! Definitely a must-watch.,positive
The dialogues were poorly written and the direction was lacking.,negative
"A fairly decent film with a few memorable moments, but nothing too special.",neutral
I loved every moment of the film! The cinematography was breathtaking.,positive
The movie was absolutely fantastic! The storyline was gripping and the acting was superb.,positive
I didn't enjoy the movie at all. The plot was weak and the acting felt forced.,negative
"It was an average movie. Some parts were great, but others were just okay.",neutral
One of the best movies I've seen this year! Highly recommended.,positive
Not my cup of tea. The pacing was too slow and I lost interest halfway.,negative
"The film had a decent plot, but nothing extraordinary. It was just okay.",neutral
Amazing visuals and great acting! Definitely a must-watch.,positive
The dialogues were poorly written and the direction was lacking.,negative
"A fairly decent film with a few memorable moments, but nothing too special.",neutral
I loved every moment of the film! The cinematography was breathtaking.,positive
The movie was absolutely fantastic! The storyline was gripping and the acting was superb.,positive
I didn't enjoy the movie at all. The plot was weak and the acting felt forced.,negative
"It was an average movie. Some parts were great, but others were just okay.",neutral
One of the best movies I've seen this year! Highly recommended.,positive
Not my cup of tea. The pacing was too slow and I lost interest halfway.,negative
"The film had a decent plot, but nothing extraordinary. It was just okay.",neutral
Amazing visuals and great acting! Definitely a must-watch.,positive
The dialogues were poorly written and the direction was lacking.,negative
"A fairly decent film with a few memorable moments, but nothing too special.",neutral
I loved every moment of the film! The cinematography was breathtaking.,positive
The movie was absolutely fantastic! The storyline was gripping and the acting was superb.,positive
I didn't enjoy the movie at all. The plot was weak and the acting felt forced.,negative
"It was an average movie. Some parts were great, but others were just okay.",neutral
One of the best movies I've seen this year! Highly recommended.,positive
Not my cup of tea. The pacing was too slow and I lost interest halfway.,negative
"The film had a decent plot, but nothing extraordinary. It was just okay.",neutral
Amazing visuals and great acting! Definitely a must-watch.,positive
The dialogues were poorly written and the direction was lacking.,negative
"A fairly decent film with a few memorable moments, but nothing too special.",neutral
I loved every moment of the film! The cinematography was breathtaking.,positive
The movie was absolutely fantastic! The storyline was gripping and the acting was superb.,positive
I didn't enjoy the movie at all. The plot was weak and the acting felt forced.,negative
"It was an average movie. Some parts were great, but others were just okay.",neutral
One of the best movies I've seen this year! Highly recommended.,positive
Not my cup of tea. The pacing was too slow and I lost interest halfway.,negative
"The film had a decent plot, but nothing extraordinary. It was just okay.",neutral
Amazing visuals and great acting! Definitely a must-watch.,positive
The dialogues were poorly written and the direction was lacking.,negative
"A fairly decent film with a few memorable moments, but nothing too special.",neutral
I loved every moment of the film! The cinematography was breathtaking.,positive
The movie was absolutely fantastic! The storyline was gripping and the acting was superb.,positive
I didn't enjoy the movie at all. The plot was weak and the acting felt forced.,negative
"It was an average movie. Some parts were great, but others were just okay.",neutral
One of the best movies I've seen this year! Highly recommended.,positive
Not my cup of tea. The pacing was too slow and I lost interest halfway.,negative
"The film had a decent plot, but nothing extraordinary. It was just okay.",neutral
Amazing visuals and great acting! Definitely a must-watch.,positive
The dialogues were poorly written and the direction was lacking.,negative
"A fairly decent film with a few memorable moments, but nothing too special.",neutral
I loved every moment of the film! The cinematography was breathtaking.,positive
The movie was absolutely fantastic! The storyline was gripping and the acting was superb.,positive
I didn't enjoy the movie at all. The plot was weak and the acting felt forced.,negative
"It was an average movie. Some parts were great, but others were just okay.",neutral
One of the best movies I've seen this year! Highly recommended.,positive
Not my cup of tea. The pacing was too slow and I lost interest halfway.,negative
"The film had a decent plot, but nothing extraordinary. It was just okay.",neutral
Amazing visuals and great acting! Definitely a must-watch.,positive
The dialogues were poorly written and the direction was lacking.,negative
"A fairly decent film with a few memorable moments, but nothing too special.",neutral
I loved every moment of the film! The cinematography was breathtaking.,positive
The movie was absolutely fantastic! The storyline was gripping and the acting was superb.,positive
I didn't enjoy the movie at all. The plot was weak and the acting felt forced.,negative
"It was an average movie. Some parts were great, but others were just okay.",neutral
One of the best movies I've seen this year! Highly recommended.,positive
Not my cup of tea. The pacing was too slow and I lost interest halfway.,negative
"The film had a decent plot, but nothing extraordinary. It was just okay.",neutral
Amazing visuals and great acting! Definitely a must-watch.,positive
The dialogues were poorly written and the direction was lacking.,negative
"A fairly decent film with a few memorable moments, but nothing too special.",neutral
I loved every moment of the film! The cinematography was breathtaking.,positive
The movie was absolutely fantastic! The storyline was gripping and the acting was superb.,positive
I didn't enjoy the movie at all. The plot was weak and the acting felt forced.,negative
"It was an average movie. Some parts were great, but others were just okay.",neutral
One of the best movies I've seen this year! Highly recommended.,positive
Not my cup of tea. The pacing was too slow and I lost interest halfway.,negative
"The film had a decent plot, but nothing extraordinary. It was just okay.",neutral
Amazing visuals and great acting! Definitely a must-watch.,positive
The dialogues were poorly written and the direction was lacking.,negative
"A fairly decent film with a few memorable moments, but nothing too special.",neutral
I loved every moment of the film! The cinematography was breathtaking.,positive
The movie was absolutely fantastic! The storyline was gripping and the acting was superb.,positive
I didn't enjoy the movie at all. The plot was weak and the acting felt forced.,negative
"It was an average movie. Some parts were great, but others were just okay.",neutral
One of the best movies I've seen this year! Highly recommended.,positive
Not my cup of tea. The pacing was too slow and I lost interest halfway.,negative
"The film had a decent plot, but nothing extraordinary. It was just okay.",neutral
Amazing visuals and great acting! Definitely a must-watch.,positive
The dialogues were poorly written and the direction was lacking.,negative
"A fairly decent film with a few memorable moments, but nothing too special.",neutral
I loved every moment of the film! The cinematography was breathtaking.,positive
The movie was absolutely fantastic! The storyline was gripping and the acting was superb.,positive
I didn't enjoy the movie at all. The plot was weak and the acting felt forced.,negative
"It was an average movie. Some parts were great, but others were just okay.",neutral
One of the best movies I've seen this year! Highly recommended.,positive
Not my cup of tea. The pacing was too slow and I lost interest halfway.,negative
"The film had a decent plot, but nothing extraordinary. It was just okay.",neutral
Amazing visuals and great acting! Definitely a must-watch.,positive
The dialogues were poorly written and the direction was lacking.,negative
"A fairly decent film with a few memorable moments, but nothing too special.",neutral
I loved every moment of the film! The cinematography was breathtaking.,positive
The movie was absolutely fantastic! The storyline was gripping and the acting was superb.,positive
I didn't enjoy the movie at all. The plot was weak and the acting felt forced.,negative
"It was an average movie. Some parts were great, but others were just okay.",neutral
One of the best movies I've seen this year! Highly recommended.,positive
Not my cup of tea. The pacing was too slow and I lost interest halfway.,negative
"The film had a decent plot, but nothing extraordinary. It was just okay.",neutral
Amazing visuals and great acting! Definitely a must-watch.,positive
The dialogues were poorly written and the direction was lacking.,negative
"A fairly decent film with a few memorable moments, but nothing too special.",neutral
I loved every moment of the film! The cinematography was breathtaking.,positive
The movie was absolutely fantastic! The storyline was gripping and the acting was superb.,positive
I didn't enjoy the movie at all. The plot was weak and the acting felt forced.,negative
"It was an average movie. Some parts were great, but others were just okay.",neutral
One of the best movies I've seen this year! Highly recommended.,positive
Not my cup of tea. The pacing was too slow and I lost interest halfway.,negative
"The film had a decent plot, but nothing extraordinary. It was just okay.",neutral
Amazing visuals and great acting! Definitely a must-watch.,positive
The dialogues were poorly written and the direction was lacking.,negative
"A fairly decent film with a few memorable moments, but nothing too special.",neutral
I loved every moment of the film! The cinematography was breathtaking.,positive
The movie was absolutely fantastic! The storyline was gripping and the acting was superb.,positive
I didn't enjoy the movie at all. The plot was weak and the acting felt forced.,negative
"It was an average movie. Some parts were great, but others were just okay.",neutral
One of the best movies I've seen this year! Highly recommended.,positive
Not my cup of tea. The pacing was too slow and I lost interest halfway.,negative
"The film had a decent plot, but nothing extraordinary. It was just okay.",neutral
Amazing visuals and great acting! Definitely a must-watch.,positive
The dialogues were poorly written and the direction was lacking.,negative
"A fairly decent film with a few memorable moments, but nothing too special.",neutral
I loved every moment of the film! The cinematography was breathtaking.,positive
The movie was absolutely fantastic! The storyline was gripping and the acting was superb.,positive
I didn't enjoy the movie at all. The plot was weak and the acting felt forced.,negative
"It was an average movie. Some parts were great, but others were just okay.",neutral
One of the best movies I've seen this year! Highly recommended.,positive
Not my cup of tea. The pacing was too slow and I lost interest halfway.,negative
"The film had a decent plot, but nothing extraordinary. It was just okay.",neutral
Amazing visuals and great acting! Definitely a must-watch.,positive
The dialogues were poorly written and the direction was lacking.,negative
"A fairly decent film with a few memorable moments, but nothing too special.",neutral
I loved every moment of the film! The cinematography was breathtaking.,positive
The movie was absolutely fantastic! The storyline was gripping and the acting was superb.,positive
I didn't enjoy the movie at all. The plot was weak and the acting felt forced.,negative
"It was an average movie. Some parts were great, but others were just okay.",neutral
One of the best movies I've seen this year! Highly recommended.,positive
Not my cup of tea. The pacing was too slow and I lost interest halfway.,negative
"The film had a decent plot, but nothing extraordinary. It was just okay.",neutral
Amazing visuals and great acting! Definitely a must-watch.,positive
The dialogues were poorly written and the direction was lacking.,negative
"A fairly decent film with a few memorable moments, but nothing too special.",neutral
I loved every moment of the film! The cinematography was breathtaking.,positive
The movie was absolutely fantastic! The storyline was gripping and the acting was superb.,positive
I didn't enjoy the movie at all. The plot was weak and the acting felt forced.,negative
"It was an average movie. Some parts were great, but others were just okay.",neutral
One of the best movies I've seen this year! Highly recommended.,positive
Not my cup of tea. The pacing was too slow and I lost interest halfway.,negative
"The film had a decent plot, but nothing extraordinary. It was just okay.",neutral
Amazing visuals and great acting! Definitely a must-watch.,positive
The dialogues were poorly written and the direction was lacking.,negative
"A fairly decent film with a few memorable moments, but nothing too special.",neutral
I loved every moment of the film! The cinematography was breathtaking.,positive
The movie was absolutely fantastic! The storyline was gripping and the acting was superb.,positive
I didn't enjoy the movie at all. The plot was weak and the acting felt forced.,negative
"It was an average movie. Some parts were great, but others were just okay.",neutral
One of the best movies I've seen this year! Highly recommended.,positive
Not my cup of tea. The pacing was too slow and I lost interest halfway.,negative
"The film had a decent plot, but nothing extraordinary. It was just okay.",neutral
Amazing visuals and great acting! Definitely a must-watch.,positive
The dialogues were poorly written and the direction was lacking.,negative
"A fairly decent film with a few memorable moments, but nothing too special.",neutral
I loved every moment of the film! The cinematography was breathtaking.,positive
The movie was absolutely fantastic! The storyline was gripping and the acting was superb.,positive
I didn't enjoy the movie at all. The plot was weak and the acting felt forced.,negative
"It was an average movie. Some parts were great, but others were just okay.",neutral
One of the best movies I've seen this year! Highly recommended.,positive
Not my cup of tea. The pacing was too slow and I lost interest halfway.,negative
"The film had a decent plot, but nothing extraordinary. It was just okay.",neutral
Amazing visuals and great acting! Definitely a must-watch.,positive
The dialogues were poorly written and the direction was lacking.,negative
"A fairly decent film with a few memorable moments, but nothing too special.",neutral
I loved every moment of the film! The cinematography was breathtaking.,positive
The movie was absolutely fantastic! The storyline was gripping and the acting was superb.,positive
I didn't enjoy the movie at all. The plot was weak and the acting felt forced.,negative
"It was an average movie. Some parts were great, but others were just okay.",neutral
One of the best movies I've seen this year! Highly recommended.,positive
Not my cup of tea. The pacing was too slow and I lost interest halfway.,negative
"The film had a decent plot, but nothing extraordinary. It was just okay.",neutral
Amazing visuals and great acting! Definitely a must-watch.,positive
The dialogues were poorly written and the direction was lacking.,negative
"A fairly decent film with a few memorable moments, but nothing too special.",neutral
I loved every moment of the film! The cinematography was breathtaking.,positive
The movie was absolutely fantastic! The storyline was gripping and the acting was superb.,positive
I didn't enjoy the movie at all. The plot was weak and the acting felt forced.,negative
"It was an average movie. Some parts were great, but others were just okay.",neutral
One of the best movies I've seen this year! Highly recommended.,positive
Not my cup of tea. The pacing was too slow and I lost interest halfway.,negative
"The film had a decent plot, but nothing extraordinary. It was just okay.",neutral
Amazing visuals and great acting! Definitely a must-watch.,positive
The dialogues were poorly written and the direction was lacking.,negative
"A fairly decent film with a few memorable moments, but nothing too special.",neutral
I loved every moment of the film! The cinematography was breathtaking.,positive
The movie was absolutely fantastic! The storyline was gripping and the acting was superb.,positive
I didn't enjoy the movie at all. The plot was weak and the acting felt forced.,negative
"It was an average movie. Some parts were great, but others were just okay.",neutral
One of the best movies I've seen this year! Highly recommended.,positive
Not my cup of tea. The pacing was too slow and I lost interest halfway.,negative
"The film had a decent plot, but nothing extraordinary. It was just okay.",neutral
Amazing visuals and great acting! Definitely a must-watch.,positive
The dialogues were poorly written and the direction was lacking.,negative
"A fairly decent film with a few memorable moments, but nothing too special.",neutral
I loved every moment of the film! The cinematography was breathtaking.,positive
The movie was absolutely fantastic! The storyline was gripping and the acting was superb.,positive
I didn't enjoy the movie at all. The plot was weak and the acting felt forced.,negative
"It was an average movie. Some parts were great, but others were just okay.",neutral
One of the best movies I've seen this year! Highly recommended.,positive
Not my cup of tea. The pacing was too slow and I lost interest halfway.,negative
"The film had a decent plot, but nothing extraordinary. It was just okay.",neutral
Amazing visuals and great acting! Definitely a must-watch.,positive
The dialogues were poorly written and the direction was lacking.,negative
"A fairly decent film with a few memorable moments, but nothing too special.",neutral
I loved every moment of the film! The cinematography was breathtaking.,positive
The movie was absolutely fantastic! The storyline was gripping and the acting was superb.,positive
I didn't enjoy the movie at all. The plot was weak and the acting felt forced.,negative
"It was an average movie. Some parts were great, but others were just okay.",neutral
One of the best movies I've seen this year! Highly recommended.,positive
Not my cup of tea. The pacing was too slow and I lost interest halfway.,negative
"The film had a decent plot, but nothing extraordinary. It was just okay.",neutral
Amazing visuals and great acting! Definitely a must-watch.,positive
The dialogues were poorly written and the direction was lacking.,negative
"A fairly decent film with a few memorable moments, but nothing too special.",neutral
I loved every moment of the film! The cinematography was breathtaking.,positive
The movie was absolutely fantastic! The storyline was gripping and the acting was superb.,positive
I didn't enjoy the movie at all. The plot was weak and the acting felt forced.,negative
"It was an average movie. Some parts were great, but others were just okay.",neutral
One of the best movies I've seen this year! Highly recommended.,positive
Not my cup of tea. The pacing was too slow and I lost interest halfway.,negative
"The film had a decent plot, but nothing extraordinary. It was just okay.",neutral
Amazing visuals and great acting! Definitely a must-watch.,positive
The dialogues were poorly written and the direction was lacking.,negative
"A fairly decent film with a few memorable moments, but nothing too special.",neutral
I loved every moment of the film! The cinematography was breathtaking.,positive
The movie was absolutely fantastic! The storyline was gripping and the acting was superb.,positive
I didn't enjoy the movie at all. The plot was weak and the acting felt forced.,negative
"It was an average movie. Some parts were great, but others were just okay.",neutral
One of the best movies I've seen this year! Highly recommended.,positive
Not my cup of tea. The pacing was too slow and I lost interest halfway.,negative
"The film had a decent plot, but nothing extraordinary. It was just okay.",neutral
Amazing visuals and great acting! Definitely a must-watch.,positive
The dialogues were poorly written and the direction was lacking.,negative
"A fairly decent film with a few memorable moments, but nothing too special.",neutral
I loved every moment of the film! The cinematography was breathtaking.,positive
The movie was absolutely fantastic! The storyline was gripping and the acting was superb.,positive
I didn't enjoy the movie at all. The plot was weak and the acting felt forced.,negative
"It was an average movie. Some parts were great, but others were just okay.",neutral
One of the best movies I've seen this year! Highly recommended.,positive
Not my cup of tea. The pacing was too slow and I lost interest halfway.,negative
"The film had a decent plot, but nothing extraordinary. It was just okay.",neutral
Amazing visuals and great acting! Definitely a must-watch.,positive
The dialogues were poorly written and the direction was lacking.,negative
"A fairly decent film with a few memorable moments, but nothing too special.",neutral
I loved every moment of the film! The cinematography was breathtaking.,positive
The movie was absolutely fantastic! The storyline was gripping and the acting was superb.,positive
I didn't enjoy the movie at all. The plot was weak and the acting felt forced.,negative
"It was an average movie. Some parts were great, but others were just okay.",neutral
One of the best movies I've seen this year! Highly recommended.,positive
Not my cup of tea. The pacing was too slow and I lost interest halfway.,negative
"The film had a decent plot, but nothing extraordinary. It was just okay.",neutral
Amazing visuals and great acting! Definitely a must-watch.,positive
The dialogues were poorly written and the direction was lacking.,negative
"A fairly decent film with a few memorable moments, but nothing too special.",neutral
I loved every moment of the film! The cinematography was breathtaking.,positive
The movie was absolutely fantastic! The storyline was gripping and the acting was superb.,positive
I didn't enjoy the movie at all. The plot was weak and the acting felt forced.,negative
"It was an average movie. Some parts were great, but others were just okay.",neutral
One of the best movies I've seen this year! Highly recommended.,positive
Not my cup of tea. The pacing was too slow and I lost interest halfway.,negative
"The film had a decent plot, but nothing extraordinary. It was just okay.",neutral
Amazing visuals and great acting! Definitely a must-watch.,positive
The dialogues were poorly written and the direction was lacking.,negative
"A fairly decent film with a few memorable moments, but nothing too special.",neutral
I loved every moment of the film! The cinematography was breathtaking.,positive
The movie was absolutely fantastic! The storyline was gripping and the acting was superb.,positive
I didn't enjoy the movie at all. The plot was weak and the acting felt forced.,negative
"It was an average movie. Some parts were great, but others were just okay.",neutral
One of the best movies I've seen this year! Highly recommended.,positive
Not my cup of tea. The pacing was too slow and I lost interest halfway.,negative
"The film had a decent plot, but nothing extraordinary. It was just okay.",neutral
Amazing visuals and great acting! Definitely a must-watch.,positive
The dialogues were poorly written and the direction was lacking.,negative
"A fairly decent film with a few memorable moments, but nothing too special.",neutral
I loved every moment of the film! The cinematography was breathtaking.,positive
The movie was absolutely fantastic! The storyline was gripping and the acting was superb.,positive
I didn't enjoy the movie at all. The plot was weak and the acting felt forced.,negative
"It was an average movie. Some parts were great, but others were just okay.",neutral
One of the best movies I've seen this year! Highly recommended.,positive
Not my cup of tea. The pacing was too slow and I lost interest halfway.,negative
"The film had a decent plot, but nothing extraordinary. It was just okay.",neutral
Amazing visuals and great acting! Definitely a must-watch.,positive
The dialogues were poorly written and the direction was lacking.,negative
"A fairly decent film with a few memorable moments, but nothing too special.",neutral
I loved every moment of the film! The cinematography was breathtaking.,positive
The movie was absolutely fantastic! The storyline was gripping and the acting was superb.,positive
I didn't enjoy the movie at all. The plot was weak and the acting felt forced.,negative
"It was an average movie. Some parts were great, but others were just okay.",neutral
One of the best movies I've seen this year! Highly recommended.,positive
Not my cup of tea. The pacing was too slow and I lost interest halfway.,negative
"The film had a decent plot, but nothing extraordinary. It was just okay.",neutral
Amazing visuals and great acting! Definitely a must-watch.,positive
The dialogues were poorly written and the direction was lacking.,negative
"A fairly decent film with a few memorable moments, but nothing too special.",neutral
I loved every moment of the film! The cinematography was breathtaking.,positive
The movie was absolutely fantastic! The storyline was gripping and the acting was superb.,positive
I didn't enjoy the movie at all. The plot was weak and the acting felt forced.,negative
"It was an average movie. Some parts were great, but others were just okay.",neutral
One of the best movies I've seen this year! Highly recommended.,positive
Not my cup of tea. The pacing was too slow and I lost interest halfway.,negative
"The film had a decent plot, but nothing extraordinary. It was just okay.",neutral
Amazing visuals and great acting! Definitely a must-watch.,positive
The dialogues were poorly written and the direction was lacking.,negative
"A fairly decent film with a few memorable moments, but nothing too special.",neutral
I loved every moment of the film! The cinematography was breathtaking.,positive
The movie was absolutely fantastic! The storyline was gripping and the acting was superb.,positive
I didn't enjoy the movie at all. The plot was weak and the acting felt forced.,negative
"It was an average movie. Some parts were great, but others were just okay.",neutral
One of the best movies I've seen this year! Highly recommended.,positive
Not my cup of tea. The pacing was too slow and I lost interest halfway.,negative
"The film had a decent plot, but nothing extraordinary. It was just okay.",neutral
Amazing visuals and great acting! Definitely a must-watch.,positive
The dialogues were poorly written and the direction was lacking.,negative
"A fairly decent film with a few memorable moments, but nothing too special.",neutral
I loved every moment of the film! The cinematography was breathtaking.,positive
The movie was absolutely fantastic! The storyline was gripping and the acting was superb.,positive
I didn't enjoy the movie at all. The plot was weak and the acting felt forced.,negative
"It was an average movie. Some parts were great, but others were just okay.",neutral
One of the best movies I've seen this year! Highly recommended.,positive
Not my cup of tea. The pacing was too slow and I lost interest halfway.,negative
"The film had a decent plot, but nothing extraordinary. It was just okay.",neutral
Amazing visuals and great acting! Definitely a must-watch.,positive
The dialogues were poorly written and the direction was lacking.,negative
"A fairly decent film with a few memorable moments, but nothing too special.",neutral
I loved every moment of the film! The cinematography was breathtaking.,positive
The movie was absolutely fantastic! The storyline was gripping and the acting was superb.,positive
I didn't enjoy the movie at all. The plot was weak and the acting felt forced.,negative
"It was an average movie. Some parts were great, but others were just okay.",neutral
One of the best movies I've seen this year! Highly recommended.,positive
Not my cup of tea. The pacing was too slow and I lost interest halfway.,negative
"The film had a decent plot, but nothing extraordinary. It was just okay.",neutral
Amazing visuals and great acting! Definitely a must-watch.,positive
The dialogues were poorly written and the direction was lacking.,negative
"A fairly decent film with a few memorable moments, but nothing too special.",neutral
I loved every moment of the film! The cinematography was breathtaking.,positive
The movie was absolutely fantastic! The storyline was gripping and the acting was superb.,positive
I didn't enjoy the movie at all. The plot was weak and the acting felt forced.,negative
"It was an average movie. Some parts were great, but others were just okay.",neutral
One of the best movies I've seen this year! Highly recommended.,positive
Not my cup of tea. The pacing was too slow and I lost interest halfway.,negative
"The film had a decent plot, but nothing extraordinary. It was just okay.",neutral
Amazing visuals and great acting! Definitely a must-watch.,positive
The dialogues were poorly written and the direction was lacking.,negative
"A fairly decent film with a few memorable moments, but nothing too special.",neutral
I loved every moment of the film! The cinematography was breathtaking.,positive
The movie was absolutely fantastic! The storyline was gripping and the acting was superb.,positive
I didn't enjoy the movie at all. The plot was weak and the acting felt forced.,negative
"It was an average movie. Some parts were great, but others were just okay.",neutral
One of the best movies I've seen this year! Highly recommended.,positive
Not my cup of tea. The pacing was too slow and I lost interest halfway.,negative
"The film had a decent plot, but nothing extraordinary. It was just okay.",neutral
Amazing visuals and great acting! Definitely a must-watch.,positive
The dialogues were poorly written and the direction was lacking.,negative
"A fairly decent film with a few memorable moments, but nothing too special.",neutral
I loved every moment of the film! The cinematography was breathtaking.,positive
The movie was absolutely fantastic! The storyline was gripping and the acting was superb.,positive
I didn't enjoy the movie at all. The plot was weak and the acting felt forced.,negative
"It was an average movie. Some parts were great, but others were just okay.",neutral
One of the best movies I've seen this year! Highly recommended.,positive
Not my cup of tea. The pacing was too slow and I lost interest halfway.,negative
"The film had a decent plot, but nothing extraordinary. It was just okay.",neutral
Amazing visuals and great acting! Definitely a must-watch.,positive
The dialogues were poorly written and the direction was lacking.,negative
"A fairly decent film with a few memorable moments, but nothing too special.",neutral
I loved every moment of the film! The cinematography was breathtaking.,positive
The movie was absolutely fantastic! The storyline was gripping and the acting was superb.,positive
I didn't enjoy the movie at all. The plot was weak and the acting felt forced.,negative
"It was an average movie. Some parts were great, but others were just okay.",neutral
One of the best movies I've seen this year! Highly recommended.,positive
Not my cup of tea. The pacing was too slow and I lost interest halfway.,negative
"The film had a decent plot, but nothing extraordinary. It was just okay.",neutral
Amazing visuals and great acting! Definitely a must-watch.,positive
The dialogues were poorly written and the direction was lacking.,negative
"A fairly decent film with a few memorable moments, but nothing too special.",neutral
I loved every moment of the film! The cinematography was breathtaking.,positive
The movie was absolutely fantastic! The storyline was gripping and the acting was superb.,positive
I didn't enjoy the movie at all. The plot was weak and the acting felt forced.,negative
"It was an average movie. Some parts were great, but others were just okay.",neutral
One of the best movies I've seen this year! Highly recommended.,positive
Not my cup of tea. The pacing was too slow and I lost interest halfway.,negative
"The film had a decent plot, but nothing extraordinary. It was just okay.",neutral
Amazing visuals and great acting! Definitely a must-watch.,positive
The dialogues were poorly written and the direction was lacking.,negative
"A fairly decent film with a few memorable moments, but nothing too special.",neutral
I loved every moment of the film! The cinematography was breathtaking.,positive
The movie was absolutely fantastic! The storyline was gripping and the acting was superb.,positive
I didn't enjoy the movie at all. The plot was weak and the acting felt forced.,negative
"It was an average movie. Some parts were great, but others were just okay.",neutral
One of the best movies I've seen this year! Highly recommended.,positive
Not my cup of tea. The pacing was too slow and I lost interest halfway.,negative
"The film had a decent plot, but nothing extraordinary. It was just okay.",neutral
Amazing visuals and great acting! Definitely a must-watch.,positive
The dialogues were poorly written and the direction was lacking.,negative
"A fairly decent film with a few memorable moments, but nothing too special.",neutral
I loved every moment of the film! The cinematography was breathtaking.,positive
The movie was absolutely fantastic! The storyline was gripping and the acting was superb.,positive
I didn't enjoy the movie at all. The plot was weak and the acting felt forced.,negative
"It was an average movie. Some parts were great, but others were just okay.",neutral
One of the best movies I've seen this year! Highly recommended.,positive
Not my cup of tea. The pacing was too slow and I lost interest halfway.,negative
"The film had a decent plot, but nothing extraordinary. It was just okay.",neutral
Amazing visuals and great acting! Definitely a must-watch.,positive
The dialogues were poorly written and the direction was lacking.,negative
"A fairly decent film with a few memorable moments, but nothing too special.",neutral
I loved every moment of the film! The cinematography was breathtaking.,positive
The movie was absolutely fantastic! The storyline was gripping and the acting was superb.,positive
I didn't enjoy the movie at all. The plot was weak and the acting felt forced.,negative
"It was an average movie. Some parts were great, but others were just okay.",neutral
One of the best movies I've seen this year! Highly recommended.,positive
Not my cup of tea. The pacing was too slow and I lost interest halfway.,negative
"The film had a decent plot, but nothing extraordinary. It was just okay.",neutral
Amazing visuals and great acting! Definitely a must-watch.,positive
The dialogues were poorly written and the direction was lacking.,negative
"A fairly decent film with a few memorable moments, but nothing too special.",neutral
I loved every moment of the film! The cinematography was breathtaking.,positive
The movie was absolutely fantastic! The storyline was gripping and the acting was superb.,positive
I didn't enjoy the movie at all. The plot was weak and the acting felt forced.,negative
"It was an average movie. Some parts were great, but others were just okay.",neutral
One of the best movies I've seen this year! Highly recommended.,positive
Not my cup of tea. The pacing was too slow and I lost interest halfway.,negative
"The film had a decent plot, but nothing extraordinary. It was just okay.",neutral
Amazing visuals and great acting! Definitely a must-watch.,positive
The dialogues were poorly written and the direction was lacking.,negative
"A fairly decent film with a few memorable moments, but nothing too special.",neutral
I loved every moment of the film! The cinematography was breathtaking.,positive
The movie was absolutely fantastic! The storyline was gripping and the acting was superb.,positive
I didn't enjoy the movie at all. The plot was weak and the acting felt forced.,negative
"It was an average movie. Some parts were great, but others were just okay.",neutral
One of the best movies I've seen this year! Highly recommended.,positive
Not my cup of tea. The pacing was too slow and I lost interest halfway.,negative
"The film had a decent plot, but nothing extraordinary. It was just okay.",neutral
Amazing visuals and great acting! Definitely a must-watch.,positive
The dialogues were poorly written and the direction was lacking.,negative
"A fairly decent film with a few memorable moments, but nothing too special.",neutral
I loved every moment of the film! The cinematography was breathtaking.,positive
The movie was absolutely fantastic! The storyline was gripping and the acting was superb.,positive
I didn't enjoy the movie at all. The plot was weak and the acting felt forced.,negative
"It was an average movie. Some parts were great, but others were just okay.",neutral
One of the best movies I've seen this year! Highly recommended.,positive
Not my cup of tea. The pacing was too slow and I lost interest halfway.,negative
"The film had a decent plot, but nothing extraordinary. It was just okay.",neutral
Amazing visuals and great acting! Definitely a must-watch.,positive
The dialogues were poorly written and the direction was lacking.,negative
"A fairly decent film with a few memorable moments, but nothing too special.",neutral
I loved every moment of the film! The cinematography was breathtaking.,positive
The movie was absolutely fantastic! The storyline was gripping and the acting was superb.,positive
I didn't enjoy the movie at all. The plot was weak and the acting felt forced.,negative
"It was an average movie. Some parts were great, but others were just okay.",neutral
One of the best movies I've seen this year! Highly recommended.,positive
Not my cup of tea. The pacing was too slow and I lost interest halfway.,negative
"The film had a decent plot, but nothing extraordinary. It was just okay.",neutral
Amazing visuals and great acting! Definitely a must-watch.,positive
The dialogues were poorly written and the direction was lacking.,negative
"A fairly decent film with a few memorable moments, but nothing too special.",neutral
I loved every moment of the film! The cinematography was breathtaking.,positive
The movie was absolutely fantastic! The storyline was gripping and the acting was superb.,positive
I didn't enjoy the movie at all. The plot was weak and the acting felt forced.,negative
"It was an average movie. Some parts were great, but others were just okay.",neutral
One of the best movies I've seen this year! Highly recommended.,positive
Not my cup of tea. The pacing was too slow and I lost interest halfway.,negative
"The film had a decent plot, but nothing extraordinary. It was just okay.",neutral
Amazing visuals and great acting! Definitely a must-watch.,positive
The dialogues were poorly written and the direction was lacking.,negative
"A fairly decent film with a few memorable moments, but nothing too special.",neutral
I loved every moment of the film! The cinematography was breathtaking.,positive
The movie was absolutely fantastic! The storyline was gripping and the acting was superb.,positive
I didn't enjoy the movie at all. The plot was weak and the acting felt forced.,negative
"It was an average movie. Some parts were great, but others were just okay.",neutral
One of the best movies I've seen this year! Highly recommended.,positive
Not my cup of tea. The pacing was too slow and I lost interest halfway.,negative
"The film had a decent plot, but nothing extraordinary. It was just okay.",neutral
Amazing visuals and great acting! Definitely a must-watch.,positive
The dialogues were poorly written and the direction was lacking.,negative
"A fairly decent film with a few memorable moments, but nothing too special.",neutral
I loved every moment of the film! The cinematography was breathtaking.,positive
The movie was absolutely fantastic! The storyline was gripping and the acting was superb.,positive
I didn't enjoy the movie at all. The plot was weak and the acting felt forced.,negative
"It was an average movie. Some parts were great, but others were just okay.",neutral
One of the best movies I've seen this year! Highly recommended.,positive
Not my cup of tea. The pacing was too slow and I lost interest halfway.,negative
"The film had a decent plot, but nothing extraordinary. It was just okay.",neutral
Amazing visuals and great acting! Definitely a must-watch.,positive
The dialogues were poorly written and the direction was lacking.,negative
"A fairly decent film with a few memorable moments, but nothing too special.",neutral
I loved every moment of the film! The cinematography was breathtaking.,positive
The movie was absolutely fantastic! The storyline was gripping and the acting was superb.,positive
I didn't enjoy the movie at all. The plot was weak and the acting felt forced.,negative
"It was an average movie. Some parts were great, but others were just okay.",neutral
One of the best movies I've seen this year! Highly recommended.,positive
Not my cup of tea. The pacing was too slow and I lost interest halfway.,negative
"The film had a decent plot, but nothing extraordinary. It was just okay.",neutral
Amazing visuals and great acting! Definitely a must-watch.,positive
The dialogues were poorly written and the direction was lacking.,negative
"A fairly decent film with a few memorable moments, but nothing too special.",neutral
I loved every moment of the film! The cinematography was breathtaking.,positive
The movie was absolutely fantastic! The storyline was gripping and the acting was superb.,positive
I didn't enjoy the movie at all. The plot was weak and the acting felt forced.,negative
"It was an average movie. Some parts were great, but others were just okay.",neutral
One of the best movies I've seen this year! Highly recommended.,positive
Not my cup of tea. The pacing was too slow and I lost interest halfway.,negative
"The film had a decent plot, but nothing extraordinary. It was just okay.",neutral
Amazing visuals and great acting! Definitely a must-watch.,positive
The dialogues were poorly written and the direction was lacking.,negative
"A fairly decent film with a few memorable moments, but nothing too special.",neutral
I loved every moment of the film! The cinematography was breathtaking.,positive
The movie was absolutely fantastic! The storyline was gripping and the acting was superb.,positive
I didn't enjoy the movie at all. The plot was weak and the acting felt forced.,negative
"It was an average movie. Some parts were great, but others were just okay.",neutral
One of the best movies I've seen this year! Highly recommended.,positive
Not my cup of tea. The pacing was too slow and I lost interest halfway.,negative
"The film had a decent plot, but nothing extraordinary. It was just okay.",neutral
Amazing visuals and great acting! Definitely a must-watch.,positive
The dialogues were poorly written and the direction was lacking.,negative
"A fairly decent film with a few memorable moments, but nothing too special.",neutral
I loved every moment of the film! The cinematography was breathtaking.,positive
The movie was absolutely fantastic! The storyline was gripping and the acting was superb.,positive
I didn't enjoy the movie at all. The plot was weak and the acting felt forced.,negative
"It was an average movie. Some parts were great, but others were just okay.",neutral
One of the best movies I've seen this year! Highly recommended.,positive
Not my cup of tea. The pacing was too slow and I lost interest halfway.,negative
"The film had a decent plot, but nothing extraordinary. It was just okay.",neutral
Amazing visuals and great acting! Definitely a must-watch.,positive
The dialogues were poorly written and the direction was lacking.,negative
"A fairly decent film with a few memorable moments, but nothing too special.",neutral
I loved every moment of the film! The cinematography was breathtaking.,positive
The movie was absolutely fantastic! The storyline was gripping and the acting was superb.,positive
I didn't enjoy the movie at all. The plot was weak and the acting felt forced.,negative
"It was an average movie. Some parts were great, but others were just okay.",neutral
One of the best movies I've seen this year! Highly recommended.,positive
Not my cup of tea. The pacing was too slow and I lost interest halfway.,negative
"The film had a decent plot, but nothing extraordinary. It was just okay.",neutral
Amazing visuals and great acting! Definitely a must-watch.,positive
The dialogues were poorly written and the direction was lacking.,negative
"A fairly decent film with a few memorable moments, but nothing too special.",neutral
I loved every moment of the film! The cinematography was breathtaking.,positive
The movie was absolutely fantastic! The storyline was gripping and the acting was superb.,positive
I didn't enjoy the movie at all. The plot was weak and the acting felt forced.,negative
"It was an average movie. Some parts were great, but others were just okay.",neutral
One of the best movies I've seen this year! Highly recommended.,positive
Not my cup of tea. The pacing was too slow and I lost interest halfway.,negative
"The film had a decent plot, but nothing extraordinary. It was just okay.",neutral
Amazing visuals and great acting! Definitely a must-watch.,positive
The dialogues were poorly written and the direction was lacking.,negative
"A fairly decent film with a few memorable moments, but nothing too special.",neutral
I loved every moment of the film! The cinematography was breathtaking.,positive
The movie was absolutely fantastic! The storyline was gripping and the acting was superb.,positive
I didn't enjoy the movie at all. The plot was weak and the acting felt forced.,negative
"It was an average movie. Some parts were great, but others were just okay.",neutral
One of the best movies I've seen this year! Highly recommended.,positive
Not my cup of tea. The pacing was too slow and I lost interest halfway.,negative
"The film had a decent plot, but nothing extraordinary. It was just okay.",neutral
Amazing visuals and great acting! Definitely a must-watch.,positive
The dialogues were poorly written and the direction was lacking.,negative
"A fairly decent film with a few memorable moments, but nothing too special.",neutral
I loved every moment of the film! The cinematography was breathtaking.,positive
The movie was absolutely fantastic! The storyline was gripping and the acting was superb.,positive
I didn't enjoy the movie at all. The plot was weak and the acting felt forced.,negative
"It was an average movie. Some parts were great, but others were just okay.",neutral
One of the best movies I've seen this year! Highly recommended.,positive
Not my cup of tea. The pacing was too slow and I lost interest halfway.,negative
"The film had a decent plot, but nothing extraordinary. It was just okay.",neutral
Amazing visuals and great acting! Definitely a must-watch.,positive
The dialogues were poorly written and the direction was lacking.,negative
"A fairly decent film with a few memorable moments, but nothing too special.",neutral
I loved every moment of the film! The cinematography was breathtaking.,positive
The movie was absolutely fantastic! The storyline was gripping and the acting was superb.,positive
I didn't enjoy the movie at all. The plot was weak and the acting felt forced.,negative
"It was an average movie. Some parts were great, but others were just okay.",neutral
One of the best movies I've seen this year! Highly recommended.,positive
Not my cup of tea. The pacing was too slow and I lost interest halfway.,negative
"The film had a decent plot, but nothing extraordinary. It was just okay.",neutral
Amazing visuals and great acting! Definitely a must-watch.,positive
The dialogues were poorly written and the direction was lacking.,negative
"A fairly decent film with a few memorable moments, but nothing too special.",neutral
I loved every moment of the film! The cinematography was breathtaking.,positive
The movie was absolutely fantastic! The storyline was gripping and the acting was superb.,positive
I didn't enjoy the movie at all. The plot was weak and the acting felt forced.,negative
"It was an average movie. Some parts were great, but others were just okay.",neutral
One of the best movies I've seen this year! Highly recommended.,positive
Not my cup of tea. The pacing was too slow and I lost interest halfway.,negative
"The film had a decent plot, but nothing extraordinary. It was just okay.",neutral
Amazing visuals and great acting! Definitely a must-watch.,positive
The dialogues were poorly written and the direction was lacking.,negative
"A fairly decent film with a few memorable moments, but nothing too special.",neutral
I loved every moment of the film! The cinematography was breathtaking.,positive
The movie was absolutely fantastic! The storyline was gripping and the acting was superb.,positive
I didn't enjoy the movie at all. The plot was weak and the acting felt forced.,negative
"It was an average movie. Some parts were great, but others were just okay.",neutral
One of the best movies I've seen this year! Highly recommended.,positive
Not my cup of tea. The pacing was too slow and I lost interest halfway.,negative
"The film had a decent plot, but nothing extraordinary. It was just okay.",neutral
Amazing visuals and great acting! Definitely a must-watch.,positive
The dialogues were poorly written and the direction was lacking.,negative
"A fairly decent film with a few memorable moments, but nothing too special.",neutral
I loved every moment of the film! The cinematography was breathtaking.,positive
The movie was absolutely fantastic! The storyline was gripping and the acting was superb.,positive
I didn't enjoy the movie at all. The plot was weak and the acting felt forced.,negative
"It was an average movie. Some parts were great, but others were just okay.",neutral
One of the best movies I've seen this year! Highly recommended.,positive
Not my cup of tea. The pacing was too slow and I lost interest halfway.,negative
"The film had a decent plot, but nothing extraordinary. It was just okay.",neutral
Amazing visuals and great acting! Definitely a must-watch.,positive
The dialogues were poorly written and the direction was lacking.,negative
"A fairly decent film with a few memorable moments, but nothing too special.",neutral
I loved every moment of the film! The cinematography was breathtaking.,positive
The movie was absolutely fantastic! The storyline was gripping and the acting was superb.,positive
I didn't enjoy the movie at all. The plot was weak and the acting felt forced.,negative
"It was an average movie. Some parts were great, but others were just okay.",neutral
One of the best movies I've seen this year! Highly recommended.,positive
Not my cup of tea. The pacing was too slow and I lost interest halfway.,negative
"The film had a decent plot, but nothing extraordinary. It was just okay.",neutral
Amazing visuals and great acting! Definitely a must-watch.,positive
The dialogues were poorly written and the direction was lacking.,negative
"A fairly decent film with a few memorable moments, but nothing too special.",neutral
I loved every moment of the film! The cinematography was breathtaking.,positive
The movie was absolutely fantastic! The storyline was gripping and the acting was superb.,positive
I didn't enjoy the movie at all. The plot was weak and the acting felt forced.,negative
"It was an average movie. Some parts were great, but others were just okay.",neutral
One of the best movies I've seen this year! Highly recommended.,positive
Not my cup of tea. The pacing was too slow and I lost interest halfway.,negative
"The film had a decent plot, but nothing extraordinary. It was just okay.",neutral
Amazing visuals and great acting! Definitely a must-watch.,positive
The dialogues were poorly written and the direction was lacking.,negative
"A fairly decent film with a few memorable moments, but nothing too special.",neutral
I loved every moment of the film! The cinematography was breathtaking.,positive
The movie was absolutely fantastic! The storyline was gripping and the acting was superb.,positive
I didn't enjoy the movie at all. The plot was weak and the acting felt forced.,negative
"It was an average movie. Some parts were great, but others were just okay.",neutral
One of the best movies I've seen this year! Highly recommended.,positive
Not my cup of tea. The pacing was too slow and I lost interest halfway.,negative
"The film had a decent plot, but nothing extraordinary. It was just okay.",neutral
Amazing visuals and great acting! Definitely a must-watch.,positive
The dialogues were poorly written and the direction was lacking.,negative
"A fairly decent film with a few memorable moments, but nothing too special.",neutral
I loved every moment of the film! The cinematography was breathtaking.,positive
The movie was absolutely fantastic! The storyline was gripping and the acting was superb.,positive
I didn't enjoy the movie at all. The plot was weak and the acting felt forced.,negative
"It was an average movie. Some parts were great, but others were just okay.",neutral
One of the best movies I've seen this year! Highly recommended.,positive
Not my cup of tea. The pacing was too slow and I lost interest halfway.,negative
"The film had a decent plot, but nothing extraordinary. It was just okay.",neutral
Amazing visuals and great acting! Definitely a must-watch.,positive
The dialogues were poorly written and the direction was lacking.,negative
"A fairly decent film with a few memorable moments, but nothing too special.",neutral
I loved every moment of the film! The cinematography was breathtaking.,positive
The movie was absolutely fantastic! The storyline was gripping and the acting was superb.,positive
I didn't enjoy the movie at all. The plot was weak and the acting felt forced.,negative
"It was an average movie. Some parts were great, but others were just okay.",neutral
One of the best movies I've seen this year! Highly recommended.,positive
Not my cup of tea. The pacing was too slow and I lost interest halfway.,negative
"The film had a decent plot, but nothing extraordinary. It was just okay.",neutral
Amazing visuals and great acting! Definitely a must-watch.,positive
The dialogues were poorly written and the direction was lacking.,negative
"A fairly decent film with a few memorable moments, but nothing too special.",neutral
I loved every moment of the film! The cinematography was breathtaking.,positive
The movie was absolutely fantastic! The storyline was gripping and the acting was superb.,positive
I didn't enjoy the movie at all. The plot was weak and the acting felt forced.,negative
"It was an average movie. Some parts were great, but others were just okay.",neutral
One of the best movies I've seen this year! Highly recommended.,positive
Not my cup of tea. The pacing was too slow and I lost interest halfway.,negative
"The film had a decent plot, but nothing extraordinary. It was just okay.",neutral
Amazing visuals and great acting! Definitely a must-watch.,positive
The dialogues were poorly written and the direction was lacking.,negative
"A fairly decent film with a few memorable moments, but nothing too special.",neutral
I loved every moment of the film! The cinematography was breathtaking.,positive
The movie was absolutely fantastic! The storyline was gripping and the acting was superb.,positive
I didn't enjoy the movie at all. The plot was weak and the acting felt forced.,negative
"It was an average movie. Some parts were great, but others were just okay.",neutral
One of the best movies I've seen this year! Highly recommended.,positive
Not my cup of tea. The pacing was too slow and I lost interest halfway.,negative
"The film had a decent plot, but nothing extraordinary. It was just okay.",neutral
Amazing visuals and great acting! Definitely a must-watch.,positive
The dialogues were poorly written and the direction was lacking.,negative
"A fairly decent film with a few memorable moments, but nothing too special.",neutral
I loved every moment of the film! The cinematography was breathtaking.,positive
The movie was absolutely fantastic! The storyline was gripping and the acting was superb.,positive
I didn't enjoy the movie at all. The plot was weak and the acting felt forced.,negative
"It was an average movie. Some parts were great, but others were just okay.",neutral
One of the best movies I've seen this year! Highly recommended.,positive
Not my cup of tea. The pacing was too slow and I lost interest halfway.,negative
"The film had a decent plot, but nothing extraordinary. It was just okay.",neutral
Amazing visuals and great acting! Definitely a must-watch.,positive
The dialogues were poorly written and the direction was lacking.,negative
"A fairly decent film with a few memorable moments, but nothing too special.",neutral
I loved every moment of the film! The cinematography was breathtaking.,positive
The movie was absolutely fantastic! The storyline was gripping and the acting was superb.,positive
I didn't enjoy the movie at all. The plot was weak and the acting felt forced.,negative
"It was an average movie. Some parts were great, but others were just okay.",neutral
One of the best movies I've seen this year! Highly recommended.,positive
Not my cup of tea. The pacing was too slow and I lost interest halfway.,negative
"The film had a decent plot, but nothing extraordinary. It was just okay.",neutral
Amazing visuals and great acting! Definitely a must-watch.,positive
The dialogues were poorly written and the direction was lacking.,negative
"A fairly decent film with a few memorable moments, but nothing too special.",neutral
I loved every moment of the film! The cinematography was breathtaking.,positive
The movie was absolutely fantastic! The storyline was gripping and the acting was superb.,positive
I didn't enjoy the movie at all. The plot was weak and the acting felt forced.,negative
"It was an average movie. Some parts were great, but others were just okay.",neutral
One of the best movies I've seen this year! Highly recommended.,positive
Not my cup of tea. The pacing was too slow and I lost interest halfway.,negative
"The film had a decent plot, but nothing extraordinary. It was just okay.",neutral
Amazing visuals and great acting! Definitely a must-watch.,positive
The dialogues were poorly written and the direction was lacking.,negative
"A fairly decent film with a few memorable moments, but nothing too special.",neutral
I loved every moment of the film! The cinematography was breathtaking.,positive
The movie was absolutely fantastic! The storyline was gripping and the acting was superb.,positive
I didn't enjoy the movie at all. The plot was weak and the acting felt forced.,negative
"It was an average movie. Some parts were great, but others were just okay.",neutral
One of the best movies I've seen this year! Highly recommended.,positive
Not my cup of tea. The pacing was too slow and I lost interest halfway.,negative
"The film had a decent plot, but nothing extraordinary. It was just okay.",neutral
Amazing visuals and great acting! Definitely a must-watch.,positive
The dialogues were poorly written and the direction was lacking.,negative
"A fairly decent film with a few memorable moments, but nothing too special.",neutral
I loved every moment of the film! The cinematography was breathtaking.,positive
The movie was absolutely fantastic! The storyline was gripping and the acting was superb.,positive
I didn't enjoy the movie at all. The plot was weak and the acting felt forced.,negative
"It was an average movie. Some parts were great, but others were just okay.",neutral
One of the best movies I've seen this year! Highly recommended.,positive
Not my cup of tea. The pacing was too slow and I lost interest halfway.,negative
"The film had a decent plot, but nothing extraordinary. It was just okay.",neutral
Amazing visuals and great acting! Definitely a must-watch.,positive
The dialogues were poorly written and the direction was lacking.,negative
"A fairly decent film with a few memorable moments, but nothing too special.",neutral
I loved every moment of the film! The cinematography was breathtaking.,positive
The movie was absolutely fantastic! The storyline was gripping and the acting was superb.,positive
I didn't enjoy the movie at all. The plot was weak and the acting felt forced.,negative
"It was an average movie. Some parts were great, but others were just okay.",neutral
One of the best movies I've seen this year! Highly recommended.,positive
Not my cup of tea. The pacing was too slow and I lost interest halfway.,negative
"The film had a decent plot, but nothing extraordinary. It was just okay.",neutral
Amazing visuals and great acting! Definitely a must-watch.,positive
The dialogues were poorly written and the direction was lacking.,negative
"A fairly decent film with a few memorable moments, but nothing too special.",neutral
I loved every moment of the film! The cinematography was breathtaking.,positive
The movie was absolutely fantastic! The storyline was gripping and the acting was superb.,positive
I didn't enjoy the movie at all. The plot was weak and the acting felt forced.,negative
"It was an average movie. Some parts were great, but others were just okay.",neutral
One of the best movies I've seen this year! Highly recommended.,positive
Not my cup of tea. The pacing was too slow and I lost interest halfway.,negative
"The film had a decent plot, but nothing extraordinary. It was just okay.",neutral
Amazing visuals and great acting! Definitely a must-watch.,positive
The dialogues were poorly written and the direction was lacking.,negative
"A fairly decent film with a few memorable moments, but nothing too special.",neutral
I loved every moment of the film! The cinematography was breathtaking.,positive
The movie was absolutely fantastic! The storyline was gripping and the acting was superb.,positive
I didn't enjoy the movie at all. The plot was weak and the acting felt forced.,negative
"It was an average movie. Some parts were great, but others were just okay.",neutral
One of the best movies I've seen this year! Highly recommended.,positive
Not my cup of tea. The pacing was too slow and I lost interest halfway.,negative
"The film had a decent plot, but nothing extraordinary. It was just okay.",neutral
Amazing visuals and great acting! Definitely a must-watch.,positive
The dialogues were poorly written and the direction was lacking.,negative
"A fairly decent film with a few memorable moments, but nothing too special.",neutral
I loved every moment of the film! The cinematography was breathtaking.,positive
The movie was absolutely fantastic! The storyline was gripping and the acting was superb.,positive
I didn't enjoy the movie at all. The plot was weak and the acting felt forced.,negative
"It was an average movie. Some parts were great, but others were just okay.",neutral
One of the best movies I've seen this year! Highly recommended.,positive
Not my cup of tea. The pacing was too slow and I lost interest halfway.,negative
"The film had a decent plot, but nothing extraordinary. It was just okay.",neutral
Amazing visuals and great acting! Definitely a must-watch.,positive
The dialogues were poorly written and the direction was lacking.,negative
"A fairly decent film with a few memorable moments, but nothing too special.",neutral
I loved every moment of the film! The cinematography was breathtaking.,positive
The movie was absolutely fantastic! The storyline was gripping and the acting was superb.,positive
I didn't enjoy the movie at all. The plot was weak and the acting felt forced.,negative
"It was an average movie. Some parts were great, but others were just okay.",neutral
One of the best movies I've seen this year! Highly recommended.,positive
Not my cup of tea. The pacing was too slow and I lost interest halfway.,negative
"The film had a decent plot, but nothing extraordinary. It was just okay.",neutral
Amazing visuals and great acting! Definitely a must-watch.,positive
The dialogues were poorly written and the direction was lacking.,negative
"A fairly decent film with a few memorable moments, but nothing too special.",neutral
I loved every moment of the film! The cinematography was breathtaking.,positive
The movie was absolutely fantastic! The storyline was gripping and the acting was superb.,positive
I didn't enjoy the movie at all. The plot was weak and the acting felt forced.,negative
"It was an average movie. Some parts were great, but others were just okay.",neutral
One of the best movies I've seen this year! Highly recommended.,positive
Not my cup of tea. The pacing was too slow and I lost interest halfway.,negative
"The film had a decent plot, but nothing extraordinary. It was just okay.",neutral
Amazing visuals and great acting! Definitely a must-watch.,positive
The dialogues were poorly written and the direction was lacking.,negative
"A fairly decent film with a few memorable moments, but nothing too special.",neutral
I loved every moment of the film! The cinematography was breathtaking.,positive
The movie was absolutely fantastic! The storyline was gripping and the acting was superb.,positive
I didn't enjoy the movie at all. The plot was weak and the acting felt forced.,negative
"It was an average movie. Some parts were great, but others were just okay.",neutral
One of the best movies I've seen this year! Highly recommended.,positive
Not my cup of tea. The pacing was too slow and I lost interest halfway.,negative
"The film had a decent plot, but nothing extraordinary. It was just okay.",neutral
Amazing visuals and great acting! Definitely a must-watch.,positive
The dialogues were poorly written and the direction was lacking.,negative
"A fairly decent film with a few memorable moments, but nothing too special.",neutral
I loved every moment of the film! The cinematography was breathtaking.,positive
The movie was absolutely fantastic! The storyline was gripping and the acting was superb.,positive
I didn't enjoy the movie at all. The plot was weak and the acting felt forced.,negative
"It was an average movie. Some parts were great, but others were just okay.",neutral
One of the best movies I've seen this year! Highly recommended.,positive
Not my cup of tea. The pacing was too slow and I lost interest halfway.,negative
"The film had a decent plot, but nothing extraordinary. It was just okay.",neutral
Amazing visuals and great acting! Definitely a must-watch.,positive
The dialogues were poorly written and the direction was lacking.,negative
"A fairly decent film with a few memorable moments, but nothing too special.",neutral
I loved every moment of the film! The cinematography was breathtaking.,positive
The movie was absolutely fantastic! The storyline was gripping and the acting was superb.,positive
I didn't enjoy the movie at all. The plot was weak and the acting felt forced.,negative
"It was an average movie. Some parts were great, but others were just okay.",neutral
One of the best movies I've seen this year! Highly recommended.,positive
Not my cup of tea. The pacing was too slow and I lost interest halfway.,negative
"The film had a decent plot, but nothing extraordinary. It was just okay.",neutral
Amazing visuals and great acting! Definitely a must-watch.,positive
The dialogues were poorly written and the direction was lacking.,negative
"A fairly decent film with a few memorable moments, but nothing too special.",neutral
I loved every moment of the film! The cinematography was breathtaking.,positive
The movie was absolutely fantastic! The storyline was gripping and the acting was superb.,positive
I didn't enjoy the movie at all. The plot was weak and the acting felt forced.,negative
"It was an average movie. Some parts were great, but others were just okay.",neutral
One of the best movies I've seen this year! Highly recommended.,positive
Not my cup of tea. The pacing was too slow and I lost interest halfway.,negative
"The film had a decent plot, but nothing extraordinary. It was just okay.",neutral
Amazing visuals and great acting! Definitely a must-watch.,positive
The dialogues were poorly written and the direction was lacking.,negative
"A fairly decent film with a few memorable moments, but nothing too special.",neutral
I loved every moment of the film! The cinematography was breathtaking.,positive
The movie was absolutely fantastic! The storyline was gripping and the acting was superb.,positive
I didn't enjoy the movie at all. The plot was weak and the acting felt forced.,negative
"It was an average movie. Some parts were great, but others were just okay.",neutral
One of the best movies I've seen this year! Highly recommended.,positive
Not my cup of tea. The pacing was too slow and I lost interest halfway.,negative
"The film had a decent plot, but nothing extraordinary. It was just okay.",neutral
Amazing visuals and great acting! Definitely a must-watch.,positive
The dialogues were poorly written and the direction was lacking.,negative
"A fairly decent film with a few memorable moments, but nothing too special.",neutral
I loved every moment of the film! The cinematography was breathtaking.,positive
The movie was absolutely fantastic! The storyline was gripping and the acting was superb.,positive
I didn't enjoy the movie at all. The plot was weak and the acting felt forced.,negative
"It was an average movie. Some parts were great, but others were just okay.",neutral
One of the best movies I've seen this year! Highly recommended.,positive
Not my cup of tea. The pacing was too slow and I lost interest halfway.,negative
"The film had a decent plot, but nothing extraordinary. It was just okay.",neutral
Amazing visuals and great acting! Definitely a must-watch.,positive
The dialogues were poorly written and the direction was lacking.,negative
"A fairly decent film with a few memorable moments, but nothing too special.",neutral
I loved every moment of the film! The cinematography was breathtaking.,positive
The movie was absolutely fantastic! The storyline was gripping and the acting was superb.,positive
I didn't enjoy the movie at all. The plot was weak and the acting felt forced.,negative
"It was an average movie. Some parts were great, but others were just okay.",neutral
One of the best movies I've seen this year! Highly recommended.,positive
Not my cup of tea. The pacing was too slow and I lost interest halfway.,negative
"The film had a decent plot, but nothing extraordinary. It was just okay.",neutral
Amazing visuals and great acting! Definitely a must-watch.,positive
The dialogues were poorly written and the direction was lacking.,negative
"A fairly decent film with a few memorable moments, but nothing too special.",neutral
I loved every moment of the film! The cinematography was breathtaking.,positive
The movie was absolutely fantastic! The storyline was gripping and the acting was superb.,positive
I didn't enjoy the movie at all. The plot was weak and the acting felt forced.,negative
"It was an average movie. Some parts were great, but others were just okay.",neutral
One of the best movies I've seen this year! Highly recommended.,positive
Not my cup of tea. The pacing was too slow and I lost interest halfway.,negative
"The film had a decent plot, but nothing extraordinary. It was just okay.",neutral
Amazing visuals and great acting! Definitely a must-watch.,positive
The dialogues were poorly written and the direction was lacking.,negative
"A fairly decent film with a few memorable moments, but nothing too special.",neutral
I loved every moment of the film! The cinematography was breathtaking.,positive
The movie was absolutely fantastic! The storyline was gripping and the acting was superb.,positive
I didn't enjoy the movie at all. The plot was weak and the acting felt forced.,negative
"It was an average movie. Some parts were great, but others were just okay.",neutral
One of the best movies I've seen this year! Highly recommended.,positive
Not my cup of tea. The pacing was too slow and I lost interest halfway.,negative
"The film had a decent plot, but nothing extraordinary. It was just okay.",neutral
Amazing visuals and great acting! Definitely a must-watch.,positive
The dialogues were poorly written and the direction was lacking.,negative
"A fairly decent film with a few memorable moments, but nothing too special.",neutral
I loved every moment of the film! The cinematography was breathtaking.,positive
The movie was absolutely fantastic! The storyline was gripping and the acting was superb.,positive
I didn't enjoy the movie at all. The plot was weak and the acting felt forced.,negative
"It was an average movie. Some parts were great, but others were just okay.",neutral
One of the best movies I've seen this year! Highly recommended.,positive
Not my cup of tea. The pacing was too slow and I lost interest halfway.,negative
"The film had a decent plot, but nothing extraordinary. It was just okay.",neutral
Amazing visuals and great acting! Definitely a must-watch.,positive
The dialogues were poorly written and the direction was lacking.,negative
"A fairly decent film with a few memorable moments, but nothing too special.",neutral
I loved every moment of the film! The cinematography was breathtaking.,positive
The movie was absolutely fantastic! The storyline was gripping and the acting was superb.,positive
I didn't enjoy the movie at all. The plot was weak and the acting felt forced.,negative
"It was an average movie. Some parts were great, but others were just okay.",neutral
One of the best movies I've seen this year! Highly recommended.,positive
Not my cup of tea. The pacing was too slow and I lost interest halfway.,negative
"The film had a decent plot, but nothing extraordinary. It was just okay.",neutral
Amazing visuals and great acting! Definitely a must-watch.,positive
The dialogues were poorly written and the direction was lacking.,negative
"A fairly decent film with a few memorable moments, but nothing too special.",neutral
I loved every moment of the film! The cinematography was breathtaking.,positive
The movie was absolutely fantastic! The storyline was gripping and the acting was superb.,positive
I didn't enjoy the movie at all. The plot was weak and the acting felt forced.,negative
"It was an average movie. Some parts were great, but others were just okay.",neutral
One of the best movies I've seen this year! Highly recommended.,positive
Not my cup of tea. The pacing was too slow and I lost interest halfway.,negative
"The film had a decent plot, but nothing extraordinary. It was just okay.",neutral
Amazing visuals and great acting! Definitely a must-watch.,positive
The dialogues were poorly written and the direction was lacking.,negative
"A fairly decent film with a few memorable moments, but nothing too special.",neutral
I loved every moment of the film! The cinematography was breathtaking.,positive
The movie was absolutely fantastic! The storyline was gripping and the acting was superb.,positive
I didn't enjoy the movie at all. The plot was weak and the acting felt forced.,negative
"It was an average movie. Some parts were great, but others were just okay.",neutral
One of the best movies I've seen this year! Highly recommended.,positive
Not my cup of tea. The pacing was too slow and I lost interest halfway.,negative
"The film had a decent plot, but nothing extraordinary. It was just okay.",neutral
Amazing visuals and great acting! Definitely a must-watch.,positive
The dialogues were poorly written and the direction was lacking.,negative
"A fairly decent film with a few memorable moments, but nothing too special.",neutral
I loved every moment of the film! The cinematography was breathtaking.,positive
The movie was absolutely fantastic! The storyline was gripping and the acting was superb.,positive
I didn't enjoy the movie at all. The plot was weak and the acting felt forced.,negative
"It was an average movie. Some parts were great, but others were just okay.",neutral
One of the best movies I've seen this year! Highly recommended.,positive
Not my cup of tea. The pacing was too slow and I lost interest halfway.,negative
"The film had a decent plot, but nothing extraordinary. It was just okay.",neutral
Amazing visuals and great acting! Definitely a must-watch.,positive
The dialogues were poorly written and the direction was lacking.,negative
"A fairly decent film with a few memorable moments, but nothing too special.",neutral
I loved every moment of the film! The cinematography was breathtaking.,positive
